,ID,Year_Birth,Education,Marital_Status
0,1826,1970,Graduation,Divorced
1,1,1961,Graduation,Single
2,10476,1958,Graduation,Married
3,1386,1967,Graduation,Together
4,5371,1989,Graduation,Single
5,7348,1958,PhD,Single
6,4073,1954,2n Cycle,Married
7,1991,1967,Graduation,Together
8,4047,1954,PhD,Married
9,9477,1954,PhD,Married
10,2079,1947,2n Cycle,Married
11,5642,1979,Master,Together
12,10530,1959,PhD,Widow
13,2964,1981,Graduation,Married
14,10311,1969,Graduation,Married
15,837,1977,Graduation,Married
16,10521,1977,Graduation,Married
17,10175,1958,PhD,Divorced
18,1473,1960,2n Cycle,Single
19,2795,1958,Master,Single
20,2285,1954,Master,Together
21,115,1966,Master,Single
22,10470,1979,Master,Married
23,4065,1976,PhD,Married
24,10968,1969,Graduation,Single
25,5985,1965,Master,Single
26,5430,1956,Graduation,Together
27,8432,1956,Graduation,Together
28,453,1956,PhD,Widow
29,9687,1975,Graduation,Single
30,8890,1971,PhD,Divorced
31,9264,1986,Graduation,Married
32,5824,1972,PhD,Together
33,5794,1974,PhD,Married
34,3068,1990,Graduation,Married
35,7962,1987,PhD,Single
36,2681,1984,2n Cycle,Married
37,10141,1960,Master,Divorced
38,3725,1961,PhD,Single
39,3767,1968,Graduation,Married
40,5585,1972,Graduation,Single
41,7030,1955,PhD,Married
42,1524,1983,2n Cycle,Single
43,3657,1986,Graduation,Single
44,5740,1970,2n Cycle,Divorced
45,9595,1961,Graduation,Together
46,3158,1973,Graduation,Married
47,5114,1965,Master,Married
48,340,1970,Graduation,Divorced
49,8805,1960,Graduation,Single
50,1241,1984,2n Cycle,Married
51,1402,1954,Master,Married
52,7264,1978,2n Cycle,Single
53,1619,1956,Graduation,Married
54,6398,1974,Basic,Married
55,1857,1952,Graduation,Single
56,4877,1973,Master,Married
57,3066,1975,PhD,Together
58,10286,1962,Graduation,Married
59,1992,1964,Graduation,Married
60,4246,1982,Master,Single
61,10623,1961,Master,Together
62,4867,1968,PhD,Single
63,3112,1977,Master,Married
64,4865,1974,Master,Divorced
65,6287,1986,Graduation,Together
66,4405,1956,Master,Married
67,5332,1960,2n Cycle,Married
68,1519,1972,PhD,Single
69,9080,1972,PhD,Single
70,1772,1975,PhD,Married
71,5341,1962,2n Cycle,Divorced
72,5510,1977,Master,Married
73,3887,1970,Graduation,Single
74,7022,1971,Graduation,Married
75,9999,1965,Graduation,Together
76,10352,1963,Graduation,Widow
77,7919,1976,PhD,Together
78,4114,1964,Master,Married
79,7990,1947,Graduation,Married
80,9888,1969,Graduation,Together
81,4399,1969,Graduation,Together
82,4452,1957,Graduation,Single
83,4785,1970,PhD,Together
84,8461,1962,Graduation,Divorced
85,3878,1980,2n Cycle,Single
86,9612,1987,2n Cycle,Single
87,4098,1973,Graduation,Married
88,158,1945,PhD,Together
89,3896,1984,Graduation,Married
90,9970,1977,Graduation,Together
91,4002,1960,PhD,Married
92,10914,1970,Graduation,Single
93,7279,1969,PhD,Together
94,10582,1979,Graduation,Married
95,4470,1962,Master,Married
96,6183,1962,Master,Married
97,6379,1949,Master,Widow
98,8601,1980,Graduation,Married
99,4827,1956,PhD,Single
100,6715,1948,PhD,Single
101,10676,1982,Graduation,Married
102,1041,1973,PhD,Single
103,492,1973,PhD,YOLO
104,11133,1973,PhD,YOLO
105,4491,1949,Master,Married
106,873,1949,Master,Married
107,1631,1965,PhD,Together
108,8278,1990,PhD,Married
109,6815,1980,2n Cycle,Married
110,254,1955,Graduation,Together
111,1349,1970,Graduation,Married
112,2534,1953,Graduation,Married
113,2130,1982,Graduation,Together
114,2296,1975,Master,Married
115,3799,1955,Graduation,Married
116,11084,1976,Master,Together
117,5172,1976,Master,Together
118,9504,1949,Master,Married
119,850,1968,Graduation,Single
120,4477,1958,Graduation,Together
121,1945,1962,Graduation,Married
122,7685,1978,Graduation,Married
123,6310,1978,Graduation,Married
124,10832,1958,Graduation,Together
125,3025,1958,Graduation,Single
126,2404,1976,Graduation,Married
127,8581,1971,Master,Married
128,8755,1946,Master,Married
129,10177,1954,Graduation,Divorced
130,2429,1954,Graduation,Divorced
131,8920,1967,Master,Single
132,8430,1957,Graduation,Together
133,8619,1957,Graduation,Together
134,8996,1957,PhD,Married
135,7233,1972,Graduation,Married
136,6678,1989,Graduation,Together
137,830,1987,PhD,Single
138,6365,1987,2n Cycle,Married
139,6770,1985,Graduation,Married
140,2261,1969,Graduation,Married
141,1031,1989,2n Cycle,Married
142,10089,1974,Graduation,Divorced
143,9256,1971,Graduation,Single
144,10641,1978,Graduation,Single
145,624,1984,Master,Single
146,4211,1986,Basic,Married
147,1407,1986,Basic,Married
148,10356,1957,PhD,Divorced
149,9323,1949,Master,Together
150,1146,1949,Master,Together
151,6343,1959,Graduation,Married
152,8545,1954,Graduation,Divorced
153,8275,1965,PhD,Divorced
154,10673,1976,PhD,Married
155,8799,1984,PhD,Married
156,67,1972,Master,Single
157,9923,1972,Master,Single
158,2814,1976,Master,Together
159,2711,1976,Master,Together
160,4320,1979,Graduation,Single
161,10451,1965,Graduation,Together
162,4198,1965,Graduation,Together
163,10814,1947,Graduation,Together
164,944,1962,Graduation,Married
165,8151,1990,Basic,Married
166,6184,1969,PhD,Married
167,3498,1976,PhD,Married
168,2870,1973,Graduation,Married
169,7342,1961,2n Cycle,Widow
170,1911,1987,Graduation,Together
171,10862,1960,Master,Married
172,2546,1977,2n Cycle,Single
173,3005,1992,Graduation,Single
174,8318,1979,Graduation,Together
175,2930,1978,Master,Single
176,8216,1972,Master,Married
177,1212,1973,Graduation,Married
178,2541,1976,Graduation,Married
179,10659,1979,2n Cycle,Together
180,10905,1955,Graduation,Together
181,8910,1955,Graduation,Together
182,7349,1973,Basic,Together
183,7872,1975,PhD,Married
184,4290,1972,Graduation,Married
185,7408,1952,PhD,Married
186,9986,1982,Graduation,Together
187,8235,1956,Master,Together
188,10949,1963,PhD,Divorced
189,7284,1953,Graduation,Married
190,9529,1990,Graduation,Married
191,9930,1944,PhD,Single
192,10270,1981,2n Cycle,Married
193,760,1975,PhD,Divorced
194,5519,1956,Graduation,Together
195,232,1965,Graduation,Single
196,3009,1962,PhD,Widow
197,6518,1951,PhD,Widow
198,10669,1981,Graduation,Married
199,5682,1953,PhD,Single
200,1570,1951,PhD,Together
201,1497,1952,Graduation,Single
202,9723,1960,Graduation,Married
203,7261,1971,Graduation,Together
204,2452,1971,Graduation,Together
205,5621,1969,Graduation,Married
206,10995,1988,2n Cycle,Married
207,7373,1952,PhD,Divorced
208,5331,1977,Graduation,Married
209,263,1945,PhD,Single
210,4619,1945,PhD,Single
211,940,1987,Graduation,Single
212,10084,1972,Graduation,Married
213,6019,1971,PhD,Married
214,1463,1958,Graduation,Single
215,6424,1977,Graduation,Together
216,8233,1950,Master,Widow
217,1515,1975,Master,Together
218,10855,1968,Master,Single
219,10909,1948,Graduation,Married
220,3376,1970,Master,Divorced
221,10232,1963,PhD,Divorced
222,5547,1982,PhD,Married
223,8362,1982,PhD,Married
224,3524,1971,Master,Single
225,10095,1975,PhD,Divorced
226,8897,1965,Graduation,Single
227,466,1944,Graduation,Married
228,11025,1961,Graduation,Married
229,2387,1952,Master,Together
230,1618,1965,Graduation,Together
231,25,1958,Graduation,Married
232,3277,1955,Graduation,Divorced
233,8566,1961,PhD,Together
234,2634,1979,Master,Single
235,8036,1971,2n Cycle,Together
236,8159,1968,Graduation,Married
237,7628,1973,2n Cycle,Married
238,9597,1969,Graduation,Married
239,1384,1992,Basic,Married
240,10150,1961,Graduation,Single
241,3885,1983,PhD,Married
242,11003,1980,2n Cycle,Together
243,8026,1952,Graduation,Married
244,577,1976,2n Cycle,Together
245,8702,1976,2n Cycle,Together
246,5429,1948,PhD,Married
247,977,1957,Graduation,Together
248,2793,1976,PhD,Divorced
249,1071,1976,PhD,Divorced
250,5074,1986,Master,Married
251,2632,1954,Graduation,Married
252,6404,1969,Graduation,Together
253,10240,1949,Graduation,Together
254,2521,1971,Master,Married
255,4301,1971,Master,Married
256,7381,1968,Graduation,Divorced
257,2407,1982,Graduation,Married
258,9064,1982,Graduation,Married
259,5067,1994,Graduation,Together
260,10281,1970,Graduation,Divorced
261,11191,1986,Graduation,Divorced
262,1994,1983,Graduation,Married
263,2552,1955,PhD,Single
264,6720,1968,Master,Together
265,4557,1970,Graduation,Together
266,1183,1949,Master,Married
267,4186,1950,Graduation,Together
268,1419,1950,Graduation,Together
269,967,1976,Graduation,Married
270,1048,1972,Master,Married
271,9262,1984,2n Cycle,Together
272,3427,1955,PhD,Married
273,5892,1980,Graduation,Married
274,8911,1967,PhD,Married
275,6606,1969,Master,Married
276,2677,1956,Graduation,Together
277,252,1963,PhD,Divorced
278,9860,1959,Graduation,Together
279,1388,1975,Graduation,Single
280,979,1975,Graduation,Single
281,7494,1950,PhD,Divorced
282,10490,1969,PhD,Married
283,3403,1958,PhD,Together
284,2715,1966,Master,Divorced
285,4828,1954,Graduation,Divorced
286,92,1988,Graduation,Alone
287,3312,1988,Graduation,Single
288,11176,1970,PhD,Together
289,1446,1956,Master,Single
290,9699,1966,Graduation,Divorced
291,9790,1957,Graduation,Single
292,2324,1972,Graduation,Together
293,5080,1993,Graduation,Single
294,4992,1975,Master,Together
295,7849,1970,PhD,Married
296,4808,1956,Graduation,Married
297,10401,1976,2n Cycle,Together
298,7793,1976,Graduation,Together
299,9303,1976,Graduation,Married
300,6853,1982,Master,Single
301,7366,1982,Master,Single
302,9780,1971,Master,Together
303,7573,1978,PhD,Single
304,1379,1992,Master,Together
305,8923,1973,Graduation,Single
306,3547,1969,Master,Together
307,8707,1956,Graduation,Married
308,1891,1980,Master,Divorced
309,6271,1952,PhD,Married
310,9635,1983,Master,Married
311,9727,1957,Graduation,Married
312,6205,1967,Master,Single
313,10681,1970,2n Cycle,Married
314,5156,1970,2n Cycle,Married
315,3050,1966,Graduation,Married
316,8164,1978,PhD,Married
317,5626,1964,PhD,Single
318,7600,1992,Basic,Single
319,6406,1988,Master,Married
320,7002,1955,Graduation,Single
321,8234,1973,Basic,Together
322,6116,1968,2n Cycle,Married
323,291,1970,Graduation,Married
324,8779,1985,2n Cycle,Married
325,4931,1977,Graduation,Together
326,1650,1960,Master,Married
327,9701,1988,Graduation,Together
328,6431,1964,PhD,Married
329,10789,1964,PhD,Married
330,5302,1986,Graduation,Together
331,4459,1989,Graduation,Single
332,10642,1989,Graduation,Single
333,9213,1970,Graduation,Widow
334,3678,1973,Graduation,Widow
335,3698,1983,Graduation,Together
336,5929,1973,PhD,Married
337,10795,1973,PhD,Married
338,4390,1954,Graduation,Together
339,9362,1965,Graduation,Single
340,1577,1946,Graduation,Married
341,4609,1966,PhD,Married
342,7143,1955,2n Cycle,Together
343,1729,1961,PhD,Together
344,10664,1949,Master,Widow
345,5029,1946,Graduation,Married
346,10507,1977,2n Cycle,Divorced
347,3865,1977,2n Cycle,Together
348,6982,1976,Graduation,Married
349,7042,1983,Graduation,Married
350,9668,1971,Graduation,Married
351,6878,1954,Graduation,Widow
352,4099,1972,Graduation,Married
353,5031,1974,Graduation,Together
354,1970,1968,Master,Together
355,5726,1983,Master,Single
356,5231,1974,2n Cycle,Married
357,1307,1978,Graduation,Divorced
358,10609,1962,PhD,Married
359,5782,1982,2n Cycle,Together
360,7533,1964,Graduation,Married
361,9493,1980,PhD,Single
362,2253,1990,Graduation,Married
363,2326,1990,Graduation,Married
364,1876,1990,Graduation,Married
365,7141,1986,Master,Single
366,7393,1978,Graduation,Together
367,4713,1979,PhD,Married
368,5093,1974,PhD,Divorced
369,8524,1974,PhD,Divorced
370,3766,1959,Master,Widow
371,9725,1966,PhD,Together
372,8933,1983,2n Cycle,Married
373,10779,1983,Graduation,Single
374,9289,1979,Graduation,Married
375,2613,1960,Master,Married
376,10133,1970,Graduation,Single
377,8443,1972,Graduation,Single
378,10796,1984,Master,Married
379,10241,1975,2n Cycle,Divorced
380,3388,1967,Graduation,Divorced
381,6507,1980,Graduation,Single
382,7446,1967,Master,Together
383,87,1981,2n Cycle,Married
384,10477,1973,PhD,Together
385,6072,1970,Master,Single
386,2518,1986,2n Cycle,Together
387,247,1971,Graduation,Married
388,9463,1959,Graduation,Together
389,1459,1966,PhD,Married
390,9530,1988,Graduation,Married
391,9653,1975,Graduation,Married
392,10785,1969,Graduation,Married
393,9392,1971,Graduation,Single
394,3769,1972,PhD,Together
395,10146,1972,PhD,Together
396,4741,1974,2n Cycle,Married
397,1880,1959,PhD,Together
398,6471,1971,Master,Single
399,5718,1950,Graduation,Married
400,3478,1971,PhD,Married
401,7848,1974,Graduation,Single
402,7999,1955,PhD,Together
403,11101,1991,Graduation,Together
404,9212,1962,Master,Married
405,10983,1952,Graduation,Together
406,3629,1978,Graduation,Single
407,4673,1963,PhD,Married
408,796,1965,2n Cycle,Divorced
409,618,1977,PhD,Married
410,380,1954,Graduation,Divorced
411,1092,1980,Graduation,Married
412,8962,1975,Master,Married
413,8207,1957,2n Cycle,Married
414,6521,1954,Graduation,Together
415,535,1987,Graduation,Divorced
416,4608,1987,Graduation,Divorced
417,11086,1984,Basic,Single
418,1064,1971,PhD,Married
419,7000,1972,2n Cycle,Single
420,1581,1980,Graduation,Married
421,7384,1951,Master,Together
422,10552,1979,2n Cycle,Married
423,6409,1967,Graduation,Divorced
424,9507,1975,Graduation,Married
425,9560,1965,Graduation,Together
426,10991,1960,Master,Married
427,4712,1991,2n Cycle,Together
428,11056,1974,Graduation,Married
429,7414,1971,Graduation,Married
430,3076,1975,Graduation,Together
431,6355,1978,Graduation,Married
432,7959,1961,Graduation,Married
433,5512,1977,Master,Married
434,10102,1966,Graduation,Widow
435,9369,1979,2n Cycle,Single
436,3711,1944,Master,Married
437,6931,1967,Graduation,Divorced
438,9596,1980,PhD,Single
439,2727,1973,Graduation,Together
440,8416,1981,Graduation,Married
441,3967,1971,PhD,Married
442,2139,1975,Master,Married
443,2162,1976,Graduation,Married
444,9242,1990,Graduation,Single
445,10595,1990,Graduation,Married
446,4855,1974,PhD,Together
447,5049,1974,PhD,Together
448,4967,1960,PhD,Together
449,5255,1986,Graduation,Single
450,9215,1980,PhD,Married
451,3525,1970,Graduation,Together
452,3619,1960,2n Cycle,Divorced
453,4415,1961,Graduation,Married
454,3645,1972,PhD,Single
455,4692,1976,Graduation,Married
456,3955,1965,Graduation,Divorced
457,5313,1971,Master,Married
458,7196,1950,PhD,Married
459,1381,1982,PhD,Single
460,10951,1968,Graduation,Married
461,4322,1958,PhD,Together
462,7444,1969,Master,Married
463,2942,1964,Graduation,Single
464,2874,1988,2n Cycle,Divorced
465,3667,1969,Graduation,Married
466,3697,1954,Graduation,Together
467,9955,1954,Graduation,Together
468,5320,1973,Master,Divorced
469,6422,1954,Graduation,Married
470,3690,1986,Master,Married
471,2408,1976,Graduation,Married
472,9260,1945,PhD,Married
473,9648,1967,Graduation,Single
474,4939,1946,Graduation,Together
475,8652,1946,Graduation,Together
476,4702,1964,Graduation,Single
477,2587,1972,PhD,Married
478,2811,1963,PhD,Single
479,9150,1963,PhD,Single
480,10127,1965,Graduation,Married
481,5493,1976,Graduation,Married
482,2666,1972,Master,Married
483,10099,1984,Graduation,Married
484,10562,1946,Master,Married
485,7881,1946,Master,Married
486,6721,1951,Graduation,Married
487,5204,1971,Graduation,Together
488,5209,1954,Graduation,Divorced
489,10128,1958,Graduation,Together
490,9284,1958,Graduation,Together
491,8643,1971,Graduation,Together
492,1685,1967,PhD,Together
493,2877,1974,Master,Together
494,8369,1987,Graduation,Together
495,6233,1976,Graduation,Married
496,195,1972,Graduation,Single
497,1501,1982,PhD,Married
498,10846,1978,Master,Married
499,8341,1969,PhD,Married
500,10766,1964,PhD,Married
501,9971,1964,PhD,Married
502,1740,1944,Graduation,Married
503,8737,1978,Graduation,Divorced
504,6466,1965,PhD,Married
505,10430,1973,Graduation,Divorced
506,8773,1971,Master,Together
507,2371,1972,Graduation,Married
508,7786,1986,PhD,Single
509,4088,1962,PhD,Together
510,4971,1962,PhD,Together
511,10560,1980,PhD,Single
512,6892,1968,Graduation,Divorced
513,11004,1893,2n Cycle,Single
514,1818,1971,PhD,Together
515,9485,1986,PhD,Married
516,6646,1984,Graduation,Together
517,4248,1960,Master,Single
518,7451,1960,Master,Single
519,7861,1952,Master,Married
520,5232,1965,Graduation,Married
521,3011,1965,Graduation,Married
522,5758,1982,Graduation,Married
523,2173,1952,Graduation,Widow
524,10711,1945,Graduation,Married
525,8268,1961,PhD,Married
526,2782,1961,PhD,Married
527,9432,1977,Graduation,Together
528,5872,1951,Graduation,Single
529,11187,1978,Basic,Single
530,2428,1970,Graduation,Married
531,1726,1970,Graduation,Single
532,1802,1971,Graduation,Married
533,1162,1987,PhD,Single
534,10643,1987,PhD,Single
535,11112,1966,Graduation,Together
536,2114,1946,PhD,Single
537,4261,1946,PhD,Single
538,2457,1975,Basic,Married
539,2495,1974,Master,Married
540,6983,1950,Master,Divorced
541,3436,1969,Graduation,Married
542,7505,1957,PhD,Married
543,4286,1970,PhD,Single
544,7224,1977,Graduation,Married
545,6215,1977,Graduation,Married
546,968,1968,Master,Divorced
547,4096,1968,Master,Divorced
548,3153,1957,PhD,Single
549,6504,1975,2n Cycle,Together
550,5329,1949,PhD,Divorced
551,1175,1983,Master,Married
552,1377,1954,Master,Widow
553,4607,1959,Graduation,Together
554,4944,1959,Graduation,Together
555,9483,1959,Graduation,Together
556,1378,1972,2n Cycle,Together
557,5991,1949,Master,Married
558,2807,1969,Graduation,Married
559,1052,1969,Graduation,Married
560,9760,1963,PhD,Widow
561,7101,1963,PhD,Widow
562,9909,1996,2n Cycle,Married
563,5907,1952,Master,Married
564,793,1973,Graduation,Married
565,8832,1976,Master,Together
566,2535,1978,Master,Married
567,1523,1973,Graduation,Married
568,1839,1974,Graduation,Single
569,9972,1955,PhD,Together
570,2945,1955,PhD,Together
571,9291,1959,Master,Married
572,2829,1955,Graduation,Married
573,8594,1958,PhD,Widow
574,1592,1970,Graduation,Married
575,4310,1944,Graduation,Married
576,6950,1958,Master,Married
577,8492,1978,Graduation,Together
578,5684,1971,Master,Divorced
579,5909,1964,Graduation,Married
580,9855,1952,PhD,Single
581,975,1956,Graduation,Single
582,8754,1974,PhD,Together
583,1456,1979,Graduation,Single
584,2849,1979,Graduation,Single
585,9984,1981,2n Cycle,Married
586,5527,1987,Graduation,Together
587,5628,1982,Graduation,Together
588,7627,1975,Master,Married
589,1351,1956,Master,Together
590,10629,1973,2n Cycle,Married
591,10395,1986,Basic,Single
592,6961,1974,Graduation,Married
593,10196,1978,Graduation,Married
594,6182,1984,Graduation,Together
595,10432,1974,Graduation,Divorced
596,1542,1975,Graduation,Single
597,4220,1970,PhD,Married
598,4141,1965,Graduation,Together
599,1940,1986,Graduation,Married
600,1506,1975,Graduation,Single
601,6347,1979,Basic,Single
602,1361,1974,Master,Married
603,9422,1989,Graduation,Married
604,1081,1957,PhD,Married
605,7458,1956,Master,Together
606,1012,1952,Graduation,Single
607,5453,1956,Master,Married
608,6818,1974,Graduation,Married
609,7807,1974,Graduation,Married
610,7532,1980,Graduation,Married
611,8346,1974,Graduation,Single
612,5564,1969,Graduation,Together
613,3267,1963,Master,Together
614,3091,1981,2n Cycle,Together
615,762,1981,2n Cycle,Together
616,8029,1988,Master,Single
617,4376,1960,2n Cycle,Single
618,10981,1988,Graduation,Married
619,486,1988,Graduation,Married
620,1158,1966,Graduation,Divorced
621,9119,1950,Graduation,Together
622,6694,1964,Graduation,Married
623,10573,1953,Graduation,Divorced
624,10140,1983,PhD,Together
625,2286,1962,Graduation,Single
626,8420,1970,2n Cycle,Married
627,10065,1970,2n Cycle,Married
628,1029,1970,PhD,Together
629,4207,1981,PhD,Married
630,10277,1961,Graduation,Single
631,4436,1976,Graduation,Single
632,2929,1976,Graduation,Single
633,6281,1966,Graduation,Divorced
634,10390,1959,2n Cycle,Married
635,2574,1977,PhD,Married
636,709,1952,Graduation,Divorced
637,5955,1962,Graduation,Together
638,8486,1971,Master,Together
639,10343,1991,2n Cycle,Single
640,6652,1965,Graduation,Married
641,8746,1989,Graduation,Married
642,4686,1962,PhD,Widow
643,3551,1954,Master,Together
644,4338,1983,Graduation,Single
645,4444,1972,Graduation,Married
646,498,1970,Graduation,Single
647,8230,1980,Graduation,Married
648,2826,1967,Graduation,Married
649,6222,1967,Graduation,Married
650,7352,1957,Graduation,Married
651,10928,1958,Graduation,Together
652,10736,1971,Graduation,Single
653,10163,1984,PhD,Single
654,6168,1963,Graduation,Divorced
655,4656,1990,2n Cycle,Single
656,626,1951,Graduation,Married
657,3870,1978,2n Cycle,Together
658,6299,1968,PhD,Divorced
659,7798,1972,2n Cycle,Together
660,9973,1963,Graduation,Married
661,4299,1960,Graduation,Together
662,10971,1977,Graduation,Single
663,9931,1963,PhD,Married
664,6679,1966,Graduation,Single
665,5961,1978,Graduation,Married
666,6255,1952,Master,Together
667,8614,1957,Graduation,Widow
668,7828,1981,Master,Together
669,1277,1960,Graduation,Together
670,3595,1963,Graduation,Together
671,5735,1991,Master,Single
672,5350,1991,Master,Single
673,4137,1948,Graduation,Together
674,6357,1959,2n Cycle,Divorced
675,9316,1952,Basic,Together
676,3578,1949,Graduation,Divorced
677,153,1953,Graduation,Divorced
678,10524,1963,Master,Divorced
679,1518,1965,Master,Married
680,2036,1973,PhD,Together
681,9495,1982,Graduation,Together
682,2631,1982,Graduation,Together
683,6312,1959,Graduation,Married
684,615,1960,Graduation,Together
685,4406,1970,Graduation,Together
686,10061,1950,Graduation,Married
687,10619,1994,Graduation,Single
688,4945,1953,Graduation,Widow
689,1777,1980,Basic,Married
690,4023,1970,Graduation,Married
691,7922,1951,PhD,Single
692,10699,1985,Graduation,Married
693,7516,1983,Graduation,Married
694,3129,1983,Graduation,Married
695,5121,1977,Graduation,Single
696,2186,1977,2n Cycle,Together
697,10548,1995,Graduation,Single
698,6384,1978,Graduation,Divorced
699,2625,1954,2n Cycle,Single
700,1676,1975,Graduation,Married
701,5534,1975,Master,Married
702,6859,1987,Graduation,Single
703,271,1969,Graduation,Widow
704,7699,1969,Graduation,Widow
705,7832,1959,Master,Married
706,938,1981,Graduation,Married
707,7873,1973,PhD,Together
708,9967,1974,Graduation,Divorced
709,1087,1975,Master,Together
710,8314,1982,Graduation,Married
711,3762,1986,PhD,Single
712,10383,1966,Graduation,Divorced
713,6798,1966,Graduation,Single
714,4168,1966,Graduation,Single
715,6690,1966,Master,Married
716,10602,1983,Graduation,Married
717,3220,1983,Graduation,Married
718,5424,1983,Graduation,Married
719,7488,1963,Master,Single
720,5289,1975,2n Cycle,Single
721,347,1976,Graduation,Divorced
722,5236,1979,Graduation,Together
723,9478,1985,Graduation,Single
724,477,1986,Graduation,Married
725,7411,1964,PhD,Married
726,3107,1976,Graduation,Together
727,7437,1988,Graduation,Single
728,255,1951,Graduation,Divorced
729,3790,1956,Graduation,Together
730,749,1981,Graduation,Together
731,1503,1976,PhD,Together
732,8650,1978,Graduation,Widow
733,607,1955,2n Cycle,Divorced
734,1008,1981,PhD,Together
735,9396,1978,PhD,Married
736,933,1978,PhD,Married
737,5710,1970,Graduation,Together
738,2882,1975,2n Cycle,Divorced
739,2379,1953,Graduation,Single
740,5342,1976,Basic,Divorced
741,3262,1958,Graduation,Single
742,5832,1960,2n Cycle,Together
743,5025,1979,Graduation,Single
744,569,1991,Graduation,Single
745,3102,1981,2n Cycle,Together
746,9449,1958,PhD,Single
747,8104,1951,PhD,Married
748,75,1982,2n Cycle,Together
749,6421,1961,Graduation,Together
750,3037,1983,PhD,Married
751,4698,1983,PhD,Married
752,948,1971,Graduation,Single
753,6177,1985,PhD,Married
754,3517,1952,Graduation,Single
755,3491,1975,Graduation,Together
756,7610,1983,Graduation,Together
757,4377,1971,Graduation,Married
758,9850,1972,2n Cycle,Married
759,5544,1970,Graduation,Single
760,6497,1960,Graduation,Married
761,4543,1980,Graduation,Married
762,5117,1963,2n Cycle,Married
763,1448,1963,Master,Married
764,6887,1967,Graduation,Single
765,7500,1967,Graduation,Single
766,2724,1981,Master,Single
767,2256,1973,Master,Married
768,1100,1960,Master,Together
769,7725,1965,2n Cycle,Married
770,2612,1987,Graduation,Married
771,113,1951,Graduation,Married
772,2868,1949,PhD,Single
773,4216,1981,Graduation,Single
774,199,1962,Master,Single
775,359,1950,Graduation,Together
776,8842,1971,Graduation,Widow
777,2154,1971,Graduation,Widow
778,6050,1975,2n Cycle,Married
779,9204,1970,Graduation,Widow
780,4472,1970,PhD,Divorced
781,6864,1989,Master,Divorced
782,10617,1989,Master,Divorced
783,3924,1965,PhD,Divorced
784,5654,1972,Graduation,Married
785,9216,1971,Graduation,Married
786,8086,1959,Graduation,Married
787,9097,1956,Graduation,Divorced
788,7631,1978,Master,Together
789,7275,1971,Master,Single
790,8334,1971,Master,Single
791,1987,1987,Basic,Single
792,2281,1970,Graduation,Single
793,7034,1978,2n Cycle,Married
794,2797,1977,Graduation,Married
795,3934,1966,Graduation,Married
796,2493,1966,Graduation,Married
797,3759,1958,Graduation,Together
798,965,1971,Graduation,Divorced
799,7378,1981,Master,Together
800,1859,1972,Master,Married
801,6263,1968,Graduation,Together
802,2072,1969,PhD,Together
803,8908,1959,Graduation,Married
804,738,1981,2n Cycle,Single
805,10129,1966,Graduation,Together
806,807,1969,Master,Together
807,3334,1951,Graduation,Married
808,5423,1983,Graduation,Together
809,4426,1975,Graduation,Single
810,10489,1973,Graduation,Married
811,2570,1968,Graduation,Together
812,3834,1962,Graduation,Single
813,590,1970,Master,Divorced
814,4791,1980,Graduation,Together
815,5304,1974,PhD,Single
816,2426,1964,PhD,Divorced
817,35,1987,Graduation,Married
818,8041,1971,PhD,Widow
819,3584,1955,PhD,Single
820,7718,1947,Master,Together
821,8605,1964,PhD,Together
822,1646,1972,Basic,Married
823,9206,1968,Graduation,Together
824,10757,1967,PhD,Divorced
825,6885,1977,Graduation,Divorced
826,907,1975,Graduation,Married
827,1150,1899,PhD,Together
828,3867,1947,PhD,Together
829,3859,1947,PhD,Together
830,3265,1959,Graduation,Married
831,4418,1983,Master,Single
832,4611,1970,Graduation,Together
833,4530,1948,Master,Widow
834,7736,1986,Graduation,Married
835,9949,1976,Graduation,Married
836,942,1982,Graduation,Single
837,6181,1950,2n Cycle,Together
838,7660,1973,PhD,Alone
839,2055,1973,PhD,Divorced
840,5107,1973,PhD,Divorced
841,1626,1973,PhD,Divorced
842,6428,1950,PhD,Widow
843,9617,1951,Graduation,Single
844,4339,1970,PhD,Married
845,7235,1975,2n Cycle,Married
846,8527,1965,Master,Together
847,1968,1971,Graduation,Widow
848,9862,1969,Graduation,Together
849,11075,1978,Graduation,Married
850,6658,1972,Graduation,Together
851,4552,1991,Graduation,Married
852,10377,1958,Master,Together
853,5336,1971,Master,Together
854,10350,1950,PhD,Married
855,11071,1984,Graduation,Single
856,11100,1972,Graduation,Divorced
857,6516,1989,Basic,Married
858,1734,1968,PhD,Together
859,2131,1959,PhD,Divorced
860,6439,1958,Graduation,Married
861,10591,1969,Graduation,Widow
862,9797,1956,Graduation,Married
863,9336,1969,PhD,Widow
864,2174,1954,Graduation,Single
865,3197,1980,Graduation,Married
866,9185,1966,PhD,Single
867,905,1986,Graduation,Divorced
868,10858,1975,Graduation,Together
869,8925,1965,Master,Married
870,2499,1958,2n Cycle,Single
871,1109,1982,Master,Together
872,326,1973,Graduation,Married
873,10967,1963,Graduation,Divorced
874,5370,1973,PhD,Married
875,2098,1969,PhD,Married
876,1773,1978,2n Cycle,Married
877,5036,1984,PhD,Single
878,4856,1957,2n Cycle,Married
879,8722,1957,2n Cycle,Married
880,2156,1955,PhD,Married
881,2569,1987,Graduation,Married
882,10151,1960,Graduation,Divorced
883,10473,1956,PhD,Widow
884,7079,1962,Graduation,Divorced
885,6875,1965,PhD,Together
886,6728,1985,Graduation,Together
887,2471,1965,Graduation,Married
888,49,1970,Graduation,Single
889,4973,1970,Graduation,Single
890,6387,1976,PhD,Together
891,5866,1974,Graduation,Together
892,8523,1968,Graduation,Married
893,7901,1971,Master,Married
894,898,1986,Graduation,Married
895,10242,1966,PhD,Together
896,5835,1976,PhD,Divorced
897,6919,1978,2n Cycle,Married
898,6197,1962,PhD,Single
899,10475,1970,Master,Together
900,4201,1962,Graduation,Single
901,5092,1949,PhD,Widow
902,6566,1954,PhD,Married
903,6613,1970,Master,Married
904,9094,1955,2n Cycle,Married
905,9847,1955,2n Cycle,Married
906,10767,1989,PhD,Together
907,7943,1975,PhD,Married
908,1055,1976,Master,Married
909,1458,1982,Master,Married
910,8402,1953,Master,Married
911,6246,1953,Graduation,Single
912,4654,1992,Graduation,Together
913,6103,1948,Graduation,Married
914,8147,1960,Graduation,Married
915,10207,1978,Graduation,Together
916,4838,1978,Graduation,Together
917,10219,1972,Graduation,Together
918,2176,1972,Graduation,Married
919,9121,1972,Graduation,Married
920,5802,1972,Basic,Married
921,10790,1985,PhD,Married
922,178,1956,Graduation,Married
923,2308,1954,Graduation,Married
924,7431,1991,PhD,Single
925,9405,1954,PhD,Married
926,10525,1986,Graduation,Single
927,7503,1976,Graduation,Single
928,8783,1950,Graduation,Married
929,1403,1975,2n Cycle,Together
930,4643,1973,Graduation,Married
931,3463,1975,PhD,Married
932,4055,1992,Basic,Single
933,7010,1965,2n Cycle,Married
934,4767,1965,2n Cycle,Married
935,1927,1973,2n Cycle,Together
936,437,1976,Master,Divorced
937,4331,1978,Master,Together
938,4084,1975,Graduation,Together
939,8135,1986,Master,Married
940,9750,1961,PhD,Divorced
941,6682,1973,Basic,Married
942,10581,1977,Graduation,Married
943,3710,1984,PhD,Single
944,5207,1963,PhD,Married
945,9360,1982,Graduation,Married
946,4679,1977,Master,Married
947,1340,1986,Graduation,Married
948,10839,1976,Graduation,Together
949,5303,1974,PhD,Together
950,9829,1978,Graduation,Together
951,10469,1981,Graduation,Together
952,3602,1958,Master,Married
953,4756,1952,2n Cycle,Divorced
954,8181,1978,2n Cycle,Single
955,6958,1977,Master,Married
956,10856,1980,2n Cycle,Single
957,3321,1967,PhD,Together
958,5394,1979,Basic,Single
959,433,1958,Master,Alone
960,6320,1976,Master,Single
961,5376,1979,Graduation,Married
962,1867,1957,Graduation,Single
963,4324,1989,Graduation,Married
964,3661,1995,2n Cycle,Single
965,521,1985,Graduation,Together
966,10403,1978,Graduation,Together
967,7186,1966,PhD,Together
968,4329,1984,PhD,Married
969,4394,1965,PhD,Married
970,1717,1988,Graduation,Single
971,1016,1959,PhD,Single
972,3783,1959,PhD,Married
973,5848,1970,Graduation,Together
974,10727,1970,PhD,Married
975,5299,1970,PhD,Married
976,6872,1974,PhD,Married
977,1143,1972,Graduation,Married
978,10381,1979,Graduation,Single
979,11007,1968,PhD,Married
980,9145,1972,Graduation,Single
981,5267,1970,Graduation,Divorced
982,9738,1986,Master,Together
983,10212,1986,Master,Together
984,10010,1953,PhD,Divorced
985,10069,1988,Basic,Together
986,2694,1967,Graduation,Married
987,10613,1958,PhD,Together
988,4646,1951,2n Cycle,Married
989,6935,1951,2n Cycle,Married
990,5596,1956,2n Cycle,Together
991,1044,1953,Graduation,Together
992,9274,1961,Master,Married
993,9076,1980,PhD,Married
994,4947,1966,2n Cycle,Single
995,10176,1968,Graduation,Single
996,3507,1970,Graduation,Single
997,9235,1957,Graduation,Single
998,10341,1948,Graduation,Together
999,2639,1966,Graduation,Single
1000,6201,1978,Graduation,Single
1001,7397,1951,Graduation,Single
1002,2181,1970,Graduation,Married
1003,1204,1970,PhD,Married
1004,1170,1975,Graduation,Married
1005,8812,1979,2n Cycle,Divorced
1006,4690,1953,Graduation,Married
1007,1715,1978,Graduation,Together
1008,10821,1978,Graduation,Married
1009,6543,1945,Master,Together
1010,7119,1982,Graduation,Single
1011,3518,1983,Graduation,Married
1012,1245,1966,Graduation,Single
1013,2561,1966,Graduation,Single
1014,9624,1958,PhD,Together
1015,10509,1955,Master,Single
1016,7629,1977,Graduation,Married
1017,7875,1949,Graduation,Married
1018,2815,1975,Graduation,Married
1019,2936,1982,Master,Together
1020,3665,1977,2n Cycle,Together
1021,10888,1961,Graduation,Single
1022,6637,1988,Graduation,Single
1023,5077,1979,Graduation,Together
1024,6173,1979,Graduation,Together
1025,3969,1974,Master,Together
1026,4580,1969,Graduation,Married
1027,663,1989,PhD,Single
1028,8299,1989,PhD,Single
1029,8945,1970,Graduation,Divorced
1030,10870,1967,Graduation,Married
1031,1184,1968,PhD,Divorced
1032,6141,1972,Master,Single
1033,8825,1962,Graduation,Together
1034,2217,1975,2n Cycle,Married
1035,4102,1975,2n Cycle,Married
1036,4653,1978,Graduation,Together
1037,10092,1954,Graduation,Divorced
1038,5788,1972,Graduation,Together
1039,4669,1981,Basic,Married
1040,6295,1977,Graduation,Married
1041,7453,1954,Graduation,Single
1042,10841,1975,PhD,Together
1043,821,1992,Master,Single
1044,3933,1980,Graduation,Together
1045,1225,1963,Graduation,Married
1046,7059,1963,Graduation,Married
1047,5633,1980,Graduation,Married
1048,843,1971,Graduation,Married
1049,6211,1976,PhD,Together
1050,7007,1968,Master,Married
1051,9671,1968,Graduation,Married
1052,8975,1968,Graduation,Married
1053,6616,1975,Graduation,Together
1054,6248,1947,Master,Single
1055,7428,1975,Graduation,Together
1056,3075,1972,PhD,Married
1057,2937,1974,PhD,Single
1058,203,1975,Master,Single
1059,2021,1975,Graduation,Married
1060,880,1966,Basic,Together
1061,524,1966,Basic,Together
1062,10837,1975,Graduation,Married
1063,7011,1973,Graduation,Married
1064,4184,1950,PhD,Together
1065,7679,1985,PhD,Single
1066,7485,1950,PhD,Widow
1067,7530,1950,PhD,Widow
1068,4369,1957,Master,Absurd
1069,10652,1957,Master,Together
1070,286,1952,Graduation,Single
1071,5922,1974,PhD,Married
1072,7250,1978,Graduation,Together
1073,2478,1973,Graduation,Married
1074,1160,1970,Graduation,Married
1075,9214,1991,Graduation,Married
1076,273,1970,Master,Married
1077,851,1972,Master,Married
1078,9729,1955,Graduation,Widow
1079,9665,1957,PhD,Divorced
1080,2620,1974,PhD,Married
1081,8254,1974,PhD,Married
1082,3852,1961,Master,Together
1083,1000,1961,Master,Together
1084,3099,1970,Graduation,Divorced
1085,6318,1988,Graduation,Married
1086,5396,1988,Graduation,Married
1087,7966,1959,Graduation,Single
1088,454,1980,Graduation,Together
1089,309,1961,PhD,Together
1090,3571,1961,PhD,Together
1091,8395,1961,Graduation,Single
1092,2591,1959,Graduation,Widow
1093,1640,1954,Graduation,Divorced
1094,810,1975,Graduation,Married
1095,9423,1979,Master,Married
1096,4345,1964,2n Cycle,Single
1097,89,1975,2n Cycle,Married
1098,5294,1989,Graduation,Single
1099,1321,1974,Graduation,Married
1100,2686,1969,Basic,Together
1101,1215,1978,Graduation,Together
1102,9283,1978,Graduation,Single
1103,3120,1981,Graduation,Together
1104,5868,1980,Graduation,Married
1105,8143,1985,PhD,Single
1106,3479,1950,Graduation,Single
1107,7214,1957,Graduation,Married
1108,5543,1966,Graduation,Together
1109,9347,1956,Master,Together
1110,10160,1956,Master,Together
1111,1406,1975,Graduation,Single
1112,7019,1963,Graduation,Together
1113,2157,1972,Graduation,Together
1114,8939,1959,Graduation,Divorced
1115,10250,1947,Basic,Together
1116,1272,1965,Master,Single
1117,3007,1966,Graduation,Together
1118,5513,1966,Graduation,Together
1119,679,1957,PhD,Married
1120,8876,1963,PhD,Together
1121,10827,1967,PhD,Married
1122,7300,1952,Graduation,Divorced
1123,4268,1959,Graduation,Married
1124,4603,1960,PhD,Married
1125,8659,1952,PhD,Together
1126,10708,1978,2n Cycle,Single
1127,1176,1973,Graduation,Married
1128,10380,1972,Master,Married
1129,7037,1974,PhD,Married
1130,11096,1952,2n Cycle,Together
1131,6374,1954,PhD,Married
1132,5552,1963,Master,Divorced
1133,2245,1969,Master,Married
1134,6200,1951,Graduation,Married
1135,9904,1956,Graduation,Married
1136,10031,1976,PhD,Married
1137,6642,1961,Graduation,Divorced
1138,10882,1976,Graduation,Married
1139,5636,1963,Graduation,Single
1140,8692,1952,Graduation,Together
1141,8091,1956,Graduation,Married
1142,8080,1986,Graduation,Single
1143,8370,1976,2n Cycle,Together
1144,4550,1966,Master,Together
1145,3381,1953,Master,Married
1146,10556,1959,Graduation,Married
1147,9467,1984,Graduation,Single
1148,2891,1963,Graduation,Divorced
1149,5011,1963,Graduation,Divorced
1150,8140,1973,Graduation,Together
1151,11039,1975,Graduation,Married
1152,78,1969,Graduation,Married
1153,5517,1969,Graduation,Married
1154,5290,1964,PhD,Married
1155,4128,1962,PhD,Together
1156,8534,1952,Graduation,Married
1157,9592,1983,Graduation,Together
1158,8957,1952,2n Cycle,Single
1159,9308,1954,Graduation,Married
1160,544,1954,Graduation,Married
1161,5989,1959,2n Cycle,Divorced
1162,635,1966,Master,Married
1163,6673,1965,Graduation,Single
1164,1710,1978,Graduation,Single
1165,523,1989,Graduation,Married
1166,8977,1985,Basic,Single
1167,9736,1980,Graduation,Married
1168,1544,1967,Master,Divorced
1169,6575,1981,Graduation,Together
1170,6147,1971,Graduation,Divorced
1171,6354,1984,Graduation,Together
1172,4769,1977,Master,Together
1173,7540,1952,Graduation,Married
1174,5247,1955,PhD,Married
1175,5987,1989,2n Cycle,Together
1176,9960,1991,Basic,Single
1177,10972,1949,Graduation,Widow
1178,1399,1958,Graduation,Married
1179,2698,1976,Graduation,Single
1180,6340,1985,Graduation,Single
1181,4107,1948,PhD,Together
1182,10906,1948,PhD,Together
1183,2557,1970,Master,Single
1184,8786,1956,Master,Married
1185,7187,1969,Master,Together
1186,6119,1963,PhD,Single
1187,2980,1952,Master,Single
1188,3850,1963,Basic,Together
1189,1077,1974,Graduation,Together
1190,9733,1978,Basic,Together
1191,8462,1978,Basic,Together
1192,4764,1952,Master,Together
1193,2223,1965,2n Cycle,Divorced
1194,7788,1983,PhD,Married
1195,5827,1958,Graduation,Divorced
1196,2958,1978,Graduation,Married
1197,4954,1956,Graduation,Married
1198,3139,1982,2n Cycle,Single
1199,9952,1947,Master,Together
1200,8180,1952,Master,Divorced
1201,3276,1976,2n Cycle,Together
1202,4994,1943,Master,Single
1203,3598,1972,Graduation,Married
1204,945,1965,Graduation,Together
1205,5048,1971,PhD,Single
1206,6214,1982,Master,Married
1207,6230,1971,Graduation,Divorced
1208,2968,1943,PhD,Divorced
1209,8800,1943,PhD,Divorced
1210,1907,1950,Master,Divorced
1211,10478,1950,PhD,Married
1212,4188,1957,Graduation,Single
1213,8720,1978,2n Cycle,Together
1214,2225,1977,Graduation,Divorced
1215,4790,1958,Graduation,Divorced
1216,1131,1967,PhD,Single
1217,202,1948,PhD,Widow
1218,9589,1948,PhD,Widow
1219,3900,1972,Graduation,Married
1220,9958,1972,Graduation,Married
1221,8955,1957,PhD,Together
1222,10033,1973,2n Cycle,Divorced
1223,5751,1973,2n Cycle,Divorced
1224,3308,1952,Graduation,Married
1225,7297,1973,Graduation,Single
1226,8008,1983,Graduation,Together
1227,1232,1982,PhD,Together
1228,2345,1982,PhD,Together
1229,1628,1971,Graduation,Together
1230,5081,1967,2n Cycle,Together
1231,839,1975,PhD,Married
1232,3706,1978,Graduation,Single
1233,5154,1972,Master,Divorced
1234,8584,1952,PhD,Together
1235,6583,1955,2n Cycle,Married
1236,3433,1955,2n Cycle,Married
1237,10486,1948,Graduation,Married
1238,8687,1978,Graduation,Together
1239,7842,1968,Graduation,Single
1240,3749,1973,Graduation,Together
1241,1331,1977,Graduation,Single
1242,5995,1962,Graduation,Divorced
1243,8985,1964,2n Cycle,Together
1244,2798,1977,PhD,Together
1245,7108,1965,Master,Widow
1246,2781,1981,Graduation,Single
1247,3623,1976,Graduation,Together
1248,194,1965,Graduation,Married
1249,10833,1975,Graduation,Married
1250,2315,1960,Graduation,Divorced
1251,6336,1960,Graduation,Married
1252,10738,1951,Master,Single
1253,8286,1965,PhD,Together
1254,2166,1960,2n Cycle,Widow
1255,10691,1960,Master,Married
1256,9739,1963,Graduation,Single
1257,1829,1961,PhD,Divorced
1258,6260,1955,Master,Together
1259,10448,1956,Graduation,Single
1260,1343,1968,Graduation,Together
1261,4749,1968,Graduation,Together
1262,531,1954,PhD,Divorced
1263,6905,1994,Graduation,Together
1264,1045,1965,Graduation,Together
1265,4012,1972,PhD,Together
1266,5529,1946,PhD,Together
1267,4001,1946,PhD,Together
1268,10420,1955,Master,Divorced
1269,7723,1979,Graduation,Together
1270,2963,1979,Graduation,Together
1271,10634,1951,Master,Married
1272,5180,1968,PhD,Divorced
1273,6866,1969,Master,Together
1274,1328,1982,2n Cycle,Married
1275,1139,1984,PhD,Married
1276,4961,1974,Master,Together
1277,5177,1974,Master,Married
1278,2075,1969,Graduation,Married
1279,3428,1991,PhD,Together
1280,4500,1991,PhD,Together
1281,7369,1981,Master,Married
1282,4381,1971,PhD,Married
1283,9964,1979,Graduation,Single
1284,1630,1979,Graduation,Single
1285,5012,1989,Graduation,Married
1286,6918,1989,Graduation,Married
1287,7822,1976,Graduation,Together
1288,10156,1975,Graduation,Single
1289,3033,1963,Master,Together
1290,4119,1963,Master,Together
1291,11110,1973,Graduation,Single
1292,332,1957,Graduation,Married
1293,737,1949,PhD,Married
1294,10319,1971,Graduation,Married
1295,2683,1969,Graduation,Married
1296,3445,1956,Graduation,Single
1297,10913,1984,Master,Single
1298,4427,1995,2n Cycle,Single
1299,8717,1975,PhD,Married
1300,2066,1949,Graduation,Together
1301,3340,1977,Graduation,Married
1302,8685,1977,Graduation,Married
1303,4149,1948,PhD,Together
1304,8726,1964,2n Cycle,Divorced
1305,2295,1954,PhD,Married
1306,3283,1972,2n Cycle,Married
1307,1915,1951,PhD,Married
1308,800,1960,Graduation,Together
1309,9166,1968,Graduation,Married
1310,5147,1948,Graduation,Single
1311,13,1947,PhD,Widow
1312,8557,1982,Graduation,Single
1313,8724,1982,Graduation,Single
1314,9381,1978,Graduation,Married
1315,9384,1978,Graduation,Married
1316,3560,1952,Graduation,Together
1317,241,1952,Graduation,Together
1318,7521,1952,Graduation,Together
1319,9799,1968,PhD,Divorced
1320,5123,1951,Master,Married
1321,448,1978,PhD,Single
1322,4837,1965,PhD,Married
1323,9365,1976,PhD,Single
1324,8932,1969,Master,Together
1325,7055,1952,PhD,Together
1326,3537,1981,Graduation,Together
1327,9081,1988,Graduation,Single
1328,4988,1948,PhD,Married
1329,1050,1952,Graduation,Married
1330,5610,1965,Graduation,Together
1331,3526,1968,PhD,Married
1332,5136,1973,Graduation,Single
1333,1411,1952,Graduation,Divorced
1334,701,1971,Graduation,Married
1335,6203,1947,Graduation,Together
1336,7192,1955,Graduation,Together
1337,5181,1982,Basic,Single
1338,9220,1971,Graduation,Single
1339,7734,1993,Graduation,Absurd
1340,10446,1957,PhD,Married
1341,5524,1957,Graduation,Single
1342,3830,1953,Master,Married
1343,5186,1955,PhD,Married
1344,8514,1976,Graduation,Together
1345,7165,1972,Graduation,Together
1346,10236,1975,Master,Single
1347,2392,1972,Graduation,Married
1348,1920,1972,Graduation,Married
1349,3673,1971,Graduation,Single
1350,1453,1943,PhD,Widow
1351,4518,1979,Graduation,Together
1352,8969,1977,Graduation,Married
1353,387,1976,Basic,Married
1354,1079,1971,PhD,Married
1355,164,1977,PhD,Married
1356,3434,1951,Graduation,Single
1357,5721,1956,PhD,Married
1358,8418,1958,2n Cycle,Single
1359,5300,1973,Master,Married
1360,10424,1968,Graduation,Single
1361,11171,1965,Master,Married
1362,1600,1965,Master,Married
1363,7851,1949,Graduation,Widow
1364,10701,1973,Graduation,Married
1365,891,1951,Master,Together
1366,6912,1967,PhD,Married
1367,5967,1952,Graduation,Together
1368,2109,1990,Graduation,Single
1369,6292,1986,PhD,Married
1370,8537,1949,Graduation,Widow
1371,9576,1982,PhD,Together
1372,5935,1956,Master,Single
1373,10264,1979,Graduation,Divorced
1374,234,1979,Graduation,Divorced
1375,3202,1987,PhD,Married
1376,1103,1976,Master,Married
1377,610,1953,PhD,Together
1378,4480,1973,Master,Married
1379,10660,1957,Master,Married
1380,9353,1959,Graduation,Single
1381,4120,1975,2n Cycle,Single
1382,2836,1972,PhD,Married
1383,9579,1959,PhD,Married
1384,5841,1966,Graduation,Together
1385,3174,1959,Graduation,Together
1386,5536,1959,Graduation,Together
1387,2061,1955,Graduation,Married
1388,8477,1956,Graduation,Divorced
1389,640,1951,Graduation,Married
1390,3828,1951,Graduation,Married
1391,4093,1975,Master,Together
1392,8624,1958,Graduation,Married
1393,2802,1992,2n Cycle,Married
1394,368,1974,Graduation,Married
1395,3599,1970,Graduation,Married
1396,3389,1970,Graduation,Married
1397,10710,1979,Graduation,Married
1398,7118,1957,Graduation,Married
1399,4937,1973,2n Cycle,Married
1400,1127,1973,PhD,Married
1401,833,1955,Master,Married
1402,3565,1955,Master,Married
1403,6086,1955,Graduation,Married
1404,1763,1988,Graduation,Together
1405,4697,1949,Master,Divorced
1406,182,1946,PhD,Together
1407,1165,1958,PhD,Single
1408,5386,1953,Graduation,Together
1409,6024,1953,Graduation,Together
1410,2678,1990,Graduation,Single
1411,5790,1985,Graduation,Married
1412,236,1951,Graduation,Married
1413,6001,1979,Graduation,Married
1414,6250,1949,PhD,Widow
1415,1168,1978,PhD,Married
1416,10749,1991,Graduation,Single
1417,2926,1952,Master,Together
1418,716,1949,PhD,Together
1419,6544,1949,PhD,Together
1420,4298,1973,PhD,Together
1421,5823,1970,PhD,Single
1422,8375,1968,PhD,Married
1423,5723,1976,PhD,Together
1424,5763,1972,Master,Together
1425,8727,1978,Graduation,Divorced
1426,3056,1978,Graduation,Divorced
1427,8442,1985,Master,Married
1428,3712,1959,Graduation,Divorced
1429,10722,1973,Graduation,Together
1430,2406,1949,Graduation,Together
1431,7313,1949,2n Cycle,Widow
1432,2656,1971,Graduation,Divorced
1433,1993,1949,PhD,Married
1434,4136,1992,Basic,Single
1435,2928,1975,PhD,Single
1436,2920,1975,PhD,Single
1437,6661,1974,Graduation,Married
1438,5462,1974,Graduation,Married
1439,10897,1974,Graduation,Married
1440,10542,1968,PhD,Married
1441,5756,1983,Graduation,Together
1442,3570,1969,PhD,Together
1443,1072,1965,PhD,Single
1444,9606,1965,PhD,Married
1445,2730,1955,Graduation,Single
1446,2995,1957,Master,Together
1447,8210,1975,Master,Married
1448,773,1971,Master,Divorced
1449,5272,1965,Master,Married
1450,5125,1960,Graduation,Married
1451,4391,1968,Master,Divorced
1452,6283,1968,Master,Divorced
1453,3421,1968,Master,Divorced
1454,5731,1983,Master,Married
1455,7152,1983,Master,Married
1456,3919,1976,Master,Single
1457,6097,1959,Graduation,Single
1458,5150,1979,Basic,Single
1459,10479,1975,PhD,Married
1460,5966,1974,PhD,Married
1461,3439,1972,Graduation,Married
1462,6609,1966,Graduation,Widow
1463,5393,1977,Graduation,Single
1464,9014,1975,Graduation,Married
1465,4050,1966,Master,Married
1466,6862,1971,Graduation,Divorced
1467,8315,1995,Graduation,Single
1468,5184,1995,Graduation,Single
1469,3643,1974,Master,Married
1470,2589,1972,Graduation,Divorced
1471,4887,1976,PhD,Divorced
1472,10104,1974,Graduation,Together
1473,3254,1971,Graduation,Married
1474,2004,1969,Graduation,Single
1475,6142,1943,Master,Married
1476,8553,1965,Graduation,Married
1477,9805,1953,Master,Together
1478,849,1953,Master,Together
1479,1606,1971,Graduation,Together
1480,125,1958,2n Cycle,Together
1481,9305,1976,2n Cycle,Single
1482,4706,1966,Graduation,Single
1483,4437,1962,Graduation,Married
1484,3081,1978,PhD,Married
1485,3536,1960,Graduation,Together
1486,8686,1979,Basic,Together
1487,9707,1969,PhD,Married
1488,10872,1969,PhD,Married
1489,9058,1955,Graduation,Widow
1490,4640,1967,Graduation,Divorced
1491,2525,1974,PhD,Married
1492,9503,1980,Graduation,Single
1493,10704,1969,Graduation,Single
1494,2669,1993,Graduation,Single
1495,10037,1993,Graduation,Single
1496,5680,1984,2n Cycle,Married
1497,3726,1986,PhD,Together
1498,4548,1981,Graduation,Single
1499,4599,1976,Master,Married
1500,879,1976,Master,Married
1501,7409,1970,Graduation,Together
1502,1964,1951,Graduation,Together
1503,0,1985,Graduation,Married
1504,4860,1970,Graduation,Single
1505,425,1985,Graduation,Married
1506,9500,1959,Graduation,Married
1507,3074,1984,PhD,Married
1508,5140,1985,PhD,Married
1509,2611,1959,Master,Together
1510,916,1972,PhD,Single
1511,10413,1984,Graduation,Married
1512,3696,1965,Graduation,Divorced
1513,304,1981,Master,Single
1514,5113,1971,PhD,Divorced
1515,2863,1970,Graduation,Single
1516,4597,1970,PhD,Together
1517,675,1973,Master,Divorced
1518,4483,1993,Graduation,Single
1519,1502,1983,Graduation,Together
1520,736,1983,Graduation,Together
1521,4487,1969,Master,Single
1522,3412,1951,Master,Married
1523,1744,1965,Basic,Single
1524,5837,1967,Graduation,Married
1525,3422,1975,Graduation,Married
1526,7462,1954,Graduation,Single
1527,10702,1984,Graduation,Single
1528,2115,1957,Graduation,Together
1529,4138,1962,Graduation,Single
1530,11091,1953,Graduation,Together
1531,7712,1946,PhD,Single
1532,3535,1965,Graduation,Single
1533,5899,1950,PhD,Together
1534,8749,1984,Graduation,Together
1535,10955,1964,Graduation,Widow
1536,9491,1984,Graduation,Together
1537,5286,1987,Master,Single
1538,3409,1984,Graduation,Single
1539,2544,1951,Master,Divorced
1540,2118,1964,2n Cycle,Married
1541,9370,1945,PhD,Married
1542,4864,1977,Graduation,Married
1543,405,1964,Graduation,Divorced
1544,10513,1992,Graduation,Together
1545,5138,1950,Graduation,Together
1546,8387,1957,Graduation,Married
1547,378,1971,Graduation,Married
1548,5846,1977,Graduation,Divorced
1549,8870,1984,Graduation,Together
1550,10340,1984,Graduation,Together
1551,7290,1985,Graduation,Single
1552,8895,1985,Graduation,Single
1553,3635,1962,PhD,Single
1554,11178,1972,Master,Single
1555,2410,1969,Graduation,Single
1556,3281,1960,PhD,Married
1557,9905,1952,Graduation,Together
1558,2437,1989,Graduation,Married
1559,2565,1955,Master,Divorced
1560,7912,1978,Graduation,Married
1561,7072,1973,Graduation,Married
1562,1409,1951,Graduation,Together
1563,5314,1951,Graduation,Together
1564,7215,1983,Graduation,Single
1565,8858,1972,PhD,Married
1566,895,1948,PhD,Married
1567,10313,1975,Graduation,Married
1568,642,1980,Basic,Married
1569,8504,1973,Graduation,Married
1570,1020,1973,Graduation,Married
1571,3717,1959,Graduation,Married
1572,7646,1989,Graduation,Single
1573,5796,1963,Graduation,Married
1574,8625,1976,Graduation,Married
1575,5407,1954,Graduation,Together
1576,4356,1971,Graduation,Together
1577,2886,1971,Master,Divorced
1578,10057,1951,Graduation,Single
1579,10741,1951,Master,Together
1580,5491,1951,Master,Together
1581,4442,1961,Graduation,Single
1582,3972,1976,Graduation,Together
1583,2431,1990,Graduation,Married
1584,7899,1952,PhD,Married
1585,9703,1970,PhD,Married
1586,6927,1968,PhD,Married
1587,7005,1981,Graduation,Single
1588,246,1965,Graduation,Married
1589,4796,1952,Graduation,Divorced
1590,4725,1950,PhD,Together
1591,3286,1967,PhD,Divorced
1592,10680,1986,Graduation,Together
1593,4297,1969,Graduation,Together
1594,7327,1959,PhD,Married
1595,1553,1946,Graduation,Together
1596,1665,1964,PhD,Divorced
1597,10640,1974,Graduation,Together
1598,7620,1990,Basic,Single
1599,7761,1978,2n Cycle,Together
1600,5062,1963,PhD,Married
1601,6349,1987,Master,Divorced
1602,3386,1992,Graduation,Married
1603,8175,1992,Graduation,Married
1604,6245,1950,PhD,Together
1605,8780,1950,PhD,Together
1606,2276,1955,Graduation,Single
1607,1172,1983,PhD,Married
1608,3225,1984,Master,Married
1609,8629,1956,Graduation,Widow
1610,798,1987,Graduation,Single
1611,269,1963,PhD,Single
1612,8213,1980,2n Cycle,Together
1613,10245,1986,2n Cycle,Single
1614,2447,1979,Graduation,Together
1615,9817,1970,Master,Single
1616,1371,1976,Graduation,Single
1617,8093,1969,Master,Married
1618,713,1977,Master,Married
1619,11051,1956,PhD,Together
1620,5545,1972,PhD,Married
1621,5283,1976,PhD,Single
1622,5010,1988,Graduation,Single
1623,7495,1948,PhD,Married
1624,4368,1980,Graduation,Married
1625,6303,1986,PhD,Together
1626,1030,1965,PhD,Single
1627,10364,1959,Graduation,Divorced
1628,6945,1952,Graduation,Single
1629,8562,1969,Graduation,Together
1630,2918,1981,Graduation,Divorced
1631,9167,1956,Graduation,Married
1632,4743,1969,PhD,Married
1633,10742,1983,PhD,Married
1634,10965,1955,Graduation,Together
1635,7129,1962,PhD,Married
1636,3732,1955,Master,Married
1637,7124,1968,Graduation,Divorced
1638,10686,1965,PhD,Together
1639,7247,1960,Graduation,Widow
1640,1513,1979,2n Cycle,Together
1641,460,1972,PhD,Married
1642,6653,1970,PhD,Married
1643,9400,1958,2n Cycle,Single
1644,7106,1943,PhD,Married
1645,4252,1965,Graduation,Married
1646,9240,1971,PhD,Single
1647,10770,1959,Graduation,Married
1648,176,1980,2n Cycle,Single
1649,6870,1959,PhD,Divorced
1650,143,1970,Graduation,Single
1651,6445,1967,Graduation,Together
1652,4278,1983,PhD,Single
1653,6906,1953,Master,Widow
1654,4637,1954,PhD,Single
1655,8690,1962,Graduation,Married
1656,1173,1947,Master,Together
1657,1928,1973,Graduation,Married
1658,9029,1972,PhD,Married
1659,10299,1969,PhD,Single
1660,9246,1985,Master,Together
1661,4943,1953,Graduation,Married
1662,4122,1975,Graduation,Married
1663,2853,1980,Graduation,Single
1664,902,1980,Graduation,Together
1665,1672,1974,PhD,Together
1666,7254,1969,Graduation,Together
1667,8775,1969,Graduation,Together
1668,9543,1985,Graduation,Married
1669,7093,1985,Graduation,Married
1670,2894,1985,Graduation,Single
1671,5956,1948,PhD,Divorced
1672,1921,1967,PhD,Married
1673,5057,1961,Master,Married
1674,10260,1965,Master,Together
1675,2262,1965,Master,Together
1676,7930,1969,Master,Single
1677,1461,1965,PhD,Divorced
1678,7514,1956,2n Cycle,Together
1679,6461,1969,Master,Single
1680,257,1959,PhD,Married
1681,9460,1963,Graduation,Married
1682,3855,1963,Graduation,Married
1683,367,1978,2n Cycle,Married
1684,9265,1953,Graduation,Married
1685,1990,1974,PhD,Single
1686,3594,1973,Master,Married
1687,9292,1952,Graduation,Married
1688,6218,1965,Graduation,Married
1689,6528,1982,Master,Together
1690,10164,1958,Graduation,Single
1691,9937,1979,Graduation,Single
1692,274,1973,Graduation,Single
1693,5250,1943,Master,Widow
1694,11010,1984,PhD,Single
1695,6969,1982,Graduation,Together
1696,10735,1971,Graduation,Single
1697,5068,1971,Graduation,Single
1698,9974,1974,Graduation,Married
1699,7053,1966,PhD,Single
1700,3179,1980,Graduation,Single
1701,8082,1971,Graduation,Married
1702,1362,1972,Graduation,Single
1703,6768,1962,Graduation,Divorced
1704,2375,1972,Graduation,Together
1705,6856,1979,Graduation,Together
1706,4066,1978,2n Cycle,Divorced
1707,4333,1954,Graduation,Together
1708,2948,1954,Master,Divorced
1709,4927,1971,Graduation,Together
1710,7426,1971,2n Cycle,Married
1711,8360,1971,2n Cycle,Married
1712,4058,1955,PhD,Single
1713,10755,1976,2n Cycle,Married
1714,8414,1962,PhD,Single
1715,6810,1983,Graduation,Divorced
1716,3839,1958,Basic,Single
1717,3483,1958,Graduation,Married
1718,238,1967,2n Cycle,Together
1719,591,1957,Graduation,Widow
1720,5063,1977,Graduation,Single
1721,4303,1957,PhD,Together
1722,2258,1986,Graduation,Married
1723,7301,1982,2n Cycle,Single
1724,11121,1981,Graduation,Married
1725,5287,1973,Graduation,Married
1726,6457,1976,Graduation,Divorced
1727,3559,1988,2n Cycle,Married
1728,5577,1983,Graduation,Together
1729,641,1967,Graduation,Single
1730,954,1960,Basic,Widow
1731,1834,1978,Master,Single
1732,8789,1989,2n Cycle,Married
1733,10584,1976,Graduation,Married
1734,2337,1971,Graduation,Divorced
1735,6071,1989,Graduation,Single
1736,295,1989,Graduation,Single
1737,10203,1990,Graduation,Single
1738,3968,1970,2n Cycle,Divorced
1739,4037,1976,Graduation,Divorced
1740,6932,1941,PhD,Married
1741,10159,1970,Graduation,Divorced
1742,1177,1966,Master,Together
1743,9426,1964,Master,Single
1744,10637,1964,Graduation,Married
1745,10826,1959,Graduation,Married
1746,4086,1959,Graduation,Married
1747,10304,1959,Graduation,Married
1748,7998,1958,Graduation,Together
1749,10992,1967,Graduation,Together
1750,6383,1971,PhD,Together
1751,10536,1971,PhD,Together
1752,6036,1959,Master,Together
1753,11092,1961,Graduation,Married
1754,538,1989,Graduation,Single
1755,10022,1973,PhD,Single
1756,10157,1965,Graduation,Single
1757,3503,1950,Graduation,Divorced
1758,146,1960,PhD,Single
1759,5538,1975,Graduation,Divorced
1760,3910,1975,Graduation,Divorced
1761,4227,1968,Master,Together
1762,6634,1979,Master,Divorced
1763,8916,1975,Graduation,Divorced
1764,6460,1982,Graduation,Married
1765,5883,1972,Graduation,Married
1766,10091,1956,Graduation,Single
1767,697,1969,Graduation,Together
1768,2607,1953,Graduation,Single
1769,8427,1956,Master,Single
1770,217,1956,Master,Single
1771,6202,1960,Graduation,Together
1772,3856,1960,Graduation,Together
1773,10648,1982,2n Cycle,Together
1774,5120,1982,2n Cycle,Together
1775,6749,1966,Graduation,Single
1776,1584,1977,Graduation,Married
1777,9559,1961,PhD,Married
1778,771,1967,Graduation,Together
1779,5237,1950,PhD,Single
1780,2461,1955,Master,Single
1781,5474,1970,Graduation,Single
1782,2895,1963,Graduation,Single
1783,7972,1955,Graduation,Single
1784,10067,1976,2n Cycle,Together
1785,500,1977,Graduation,Together
1786,922,1979,2n Cycle,Married
1787,2861,1983,Graduation,Single
1788,375,1954,Graduation,Divorced
1789,10936,1965,Graduation,Married
1790,10314,1948,PhD,Married
1791,4240,1978,Graduation,Married
1792,2674,1958,Master,Single
1793,2563,1961,Basic,Married
1794,8312,1961,Basic,Married
1795,6999,1980,Master,Married
1796,7574,1979,PhD,Together
1797,5223,1966,Master,Together
1798,2952,1977,Master,Single
1799,7683,1968,Master,Married
1800,9481,1976,Graduation,Married
1801,9907,1969,Master,Together
1802,5454,1979,Master,Married
1803,3798,1968,Graduation,Married
1804,7281,1959,PhD,Single
1805,4259,1986,Master,Single
1806,2549,1983,PhD,Together
1807,6437,1985,2n Cycle,Single
1808,2488,1956,2n Cycle,Divorced
1809,3945,1947,PhD,Widow
1810,702,1975,2n Cycle,Widow
1811,9010,1972,Master,Married
1812,9710,1969,PhD,Divorced
1813,1509,1958,PhD,Together
1814,9120,1962,Graduation,Single
1815,5252,1969,Graduation,Divorced
1816,5959,1968,Graduation,Single
1817,7441,1973,Graduation,Divorced
1818,4271,1989,2n Cycle,Together
1819,4095,1971,Graduation,Married
1820,8852,1976,Graduation,Married
1821,7698,1976,PhD,Married
1822,4174,1956,Master,Together
1823,3182,1973,PhD,Single
1824,193,1996,Basic,Married
1825,5229,1969,PhD,Together
1826,5555,1975,Graduation,Divorced
1827,7732,1978,Graduation,Married
1828,310,1970,Master,Married
1829,6261,1979,Graduation,Married
1830,6274,1948,Master,Married
1831,1655,1979,Graduation,Together
1832,2740,1958,PhD,Widow
1833,4328,1986,2n Cycle,Married
1834,17,1971,PhD,Married
1835,9153,1964,PhD,Married
1836,520,1974,Graduation,Married
1837,8372,1974,Graduation,Married
1838,73,1953,PhD,Single
1839,2002,1958,Graduation,Divorced
1840,6059,1953,PhD,Together
1841,11166,1961,Graduation,Married
1842,6257,1976,Master,Single
1843,9224,1972,PhD,Single
1844,8732,1969,Master,Widow
1845,955,1962,Master,Together
1846,4910,1967,Graduation,Divorced
1847,564,1981,PhD,Together
1848,8931,1986,Graduation,Together
1849,1998,1976,Graduation,Single
1850,1250,1976,Graduation,Single
1851,8397,1951,Graduation,Married
1852,9672,1970,2n Cycle,Married
1853,2125,1959,Graduation,Divorced
1854,5975,1967,PhD,Single
1855,983,1984,Graduation,Married
1856,9938,1954,Graduation,Married
1857,4385,1981,PhD,Single
1858,1612,1981,PhD,Single
1859,803,1968,Graduation,Together
1860,10675,1956,PhD,Married
1861,7004,1984,Graduation,Single
1862,4432,1976,Graduation,Divorced
1863,5079,1971,Graduation,Married
1864,4475,1949,PhD,Married
1865,10868,1951,Graduation,Widow
1866,6742,1979,Graduation,Married
1867,5692,1989,Basic,Married
1868,339,1972,PhD,Married
1869,10398,1981,2n Cycle,Single
1870,8017,1981,2n Cycle,Married
1871,3722,1972,Graduation,Single
1872,7326,1971,Master,Married
1873,2416,1969,PhD,Single
1874,1878,1985,2n Cycle,Married
1875,5278,1964,Graduation,Married
1876,5734,1974,PhD,Married
1877,4370,1966,Graduation,Together
1878,8405,1979,Graduation,Divorced
1879,7617,1974,Graduation,Single
1880,10339,1954,Master,Together
1881,6376,1979,Graduation,Single
1882,2150,1958,PhD,Widow
1883,7386,1976,Graduation,Divorced
1884,3006,1976,Graduation,Divorced
1885,11088,1971,PhD,Together
1886,5185,1955,Graduation,Married
1887,3523,1962,Graduation,Together
1888,55,1963,Graduation,Together
1889,3807,1955,Graduation,Together
1890,2453,1960,Graduation,Together
1891,7787,1960,Graduation,Together
1892,2230,1970,PhD,Married
1893,8146,1976,Master,Together
1894,988,1965,Graduation,Married
1895,4832,1979,Graduation,Married
1896,3152,1957,Graduation,Together
1897,11188,1957,Graduation,Together
1898,361,1969,Master,Married
1899,5939,1971,Graduation,Together
1900,9349,1985,Graduation,Married
1901,819,1945,Graduation,Widow
1902,10120,1955,Graduation,Together
1903,4541,1955,Graduation,Together
1904,2456,1975,PhD,Married
1905,2516,1969,2n Cycle,Married
1906,11013,1987,Graduation,Together
1907,9988,1976,Master,Single
1908,1627,1957,2n Cycle,Divorced
1909,1490,1962,Graduation,Married
1910,6710,1951,Master,Single
1911,7375,1976,Graduation,Together
1912,10144,1976,Graduation,Together
1913,3138,1956,Graduation,Single
1914,1440,1978,2n Cycle,Together
1915,4200,1970,Master,Married
1916,4998,1962,Graduation,Together
1917,7321,1962,Graduation,Together
1918,8663,1974,Graduation,Divorced
1919,1958,1973,PhD,Together
1920,6963,1947,Graduation,Single
1921,1065,1963,Graduation,Single
1922,2712,1956,Graduation,Married
1923,6049,1982,Master,Together
1924,6605,1944,PhD,Divorced
1925,11181,1949,PhD,Married
1926,5234,1967,2n Cycle,Together
1927,5253,1956,Master,Together
1928,11148,1975,Graduation,Together
1929,6289,1951,Master,Together
1930,9743,1955,Graduation,Married
1931,9209,1971,Master,Together
1932,6417,1971,Master,Together
1933,7937,1982,Graduation,Married
1934,6488,1959,PhD,Married
1935,3194,1974,PhD,Single
1936,231,1956,Master,Together
1937,9697,1951,Graduation,Married
1938,4676,1951,Master,Widow
1939,8079,1982,Graduation,Married
1940,10032,1976,Graduation,Divorced
1941,10505,1960,Master,Together
1942,2005,1990,Graduation,Married
1943,6940,1966,PhD,Single
1944,2304,1963,PhD,Together
1945,3170,1957,Master,Together
1946,10466,1965,Graduation,Married
1947,7325,1986,PhD,Together
1948,455,1946,PhD,Married
1949,7592,1946,PhD,Married
1950,4547,1960,Graduation,Together
1951,6825,1953,Graduation,Together
1952,2961,1982,Graduation,Married
1953,8700,1986,Basic,Single
1954,2278,1985,2n Cycle,Single
1955,10703,1975,Master,Single
1956,9,1975,Master,Single
1957,2804,1975,Master,Single
1958,4915,1956,2n Cycle,Married
1959,3010,1989,Master,Together
1960,4279,1963,2n Cycle,Single
1961,2564,1953,Graduation,Together
1962,1137,1964,Graduation,Single
1963,5084,1975,Graduation,Widow
1964,7094,1975,Graduation,Widow
1965,6327,1967,Graduation,Together
1966,6131,1980,2n Cycle,Married
1967,5798,1973,Master,Together
1968,10379,1962,Master,Single
1969,606,1967,Graduation,Single
1970,7801,1959,Graduation,Together
1971,2445,1974,PhD,Together
1972,5346,1973,2n Cycle,Married
1973,550,1952,Graduation,Divorced
1974,4478,1979,Graduation,Married
1975,2350,1972,Graduation,Married
1976,1118,1956,Master,Married
1977,1491,1965,2n Cycle,Together
1978,4507,1952,Graduation,Single
1979,7023,1953,PhD,Single
1980,6977,1974,Graduation,Together
1981,4042,1971,Graduation,Divorced
1982,7274,1957,Graduation,Married
1983,2902,1958,Graduation,Together
1984,3332,1985,Graduation,Single
1985,7433,1985,Graduation,Single
1986,9386,1962,Graduation,Together
1987,5176,1988,Graduation,Together
1988,10323,1952,Graduation,Married
1989,4682,1958,Graduation,Married
1990,3083,1974,Graduation,Married
1991,8015,1962,PhD,Divorced
1992,1745,1962,PhD,Divorced
1993,3136,1962,Master,Divorced
1994,6991,1951,Graduation,Divorced
1995,8132,1975,PhD,Married
1996,503,1985,Master,Married
1997,8148,1956,Master,Together
1998,2736,1978,Graduation,Married
1999,8162,1956,Master,Together
2000,692,1954,Graduation,Together
2001,7706,1975,2n Cycle,Together
2002,9298,1947,PhD,Together
2003,2986,1976,Graduation,Married
2004,10812,1978,PhD,Married
2005,2909,1974,PhD,Married
2006,6974,1972,PhD,Together
2007,9140,1960,2n Cycle,Together
2008,4554,1965,Graduation,Together
2009,7791,1967,Master,Married
2010,5455,1971,PhD,Married
2011,7960,1962,2n Cycle,Together
2012,3426,1975,Graduation,Divorced
2013,5316,1976,Master,Together
2014,1404,1968,Graduation,Together
2015,10598,1967,Graduation,Together
2016,8212,1971,Master,Married
2017,3233,1965,PhD,Married
2018,7892,1969,Graduation,Single
2019,2975,1976,Graduation,Together
2020,5043,1951,Basic,Married
2021,3104,1961,Graduation,Single
2022,10854,1970,PhD,Married
2023,7419,1968,Master,Divorced
2024,5558,1954,PhD,Single
2025,832,1966,PhD,Together
2026,4964,1958,PhD,Together
2027,11030,1976,Master,Married
2028,4587,1944,Master,Widow
2029,450,1958,Master,Together
2030,11031,1950,PhD,Married
2031,4990,1954,Graduation,Married
2032,221,1955,Graduation,Married
2033,4351,1955,Graduation,Divorced
2034,1357,1970,Graduation,Together
2035,5667,1964,PhD,Married
2036,8867,1988,PhD,Married
2037,2747,1988,PhD,Married
2038,7422,1987,Graduation,Single
2039,4148,1972,Graduation,Married
2040,9516,1971,2n Cycle,Divorced
2041,1291,1978,PhD,Together
2042,1833,1974,PhD,Single
2043,7270,1981,Graduation,Divorced
2044,8182,1984,Graduation,Married
2045,10394,1984,Graduation,Married
2046,1142,1953,PhD,Married
2047,451,1989,Graduation,Single
2048,7128,1977,PhD,Single
2049,10678,1959,Graduation,Together
2050,7755,1954,PhD,Married
2051,4754,1966,Master,Married
2052,20,1965,2n Cycle,Married
2053,2246,1965,2n Cycle,Married
2054,10307,1956,Graduation,Married
2055,2147,1969,Graduation,Together
2056,10590,1956,PhD,Together
2057,6565,1949,Master,Married
2058,6619,1978,Graduation,Married
2059,4817,1956,Graduation,Divorced
2060,4508,1952,Graduation,Single
2061,4843,1952,Graduation,Single
2062,9197,1953,Graduation,Married
2063,6237,1966,PhD,Single
2064,6515,1977,Graduation,Together
2065,5954,1972,Master,Divorced
2066,7938,1958,PhD,Together
2067,961,1972,Graduation,Married
2068,1764,1975,Graduation,Single
2069,1916,1954,Master,Married
2070,6941,1971,Graduation,Single
2071,5562,1974,Graduation,Married
2072,1517,1969,Graduation,Single
2073,7286,1968,Graduation,Together
2074,4687,1958,Master,Married
2075,5631,1991,Graduation,Single
2076,1951,1981,Basic,Married
2077,123,1951,Graduation,Widow
2078,9451,1965,Graduation,Married
2079,7396,1966,Graduation,Married
2080,3298,1956,Master,Married
2081,6730,1954,Graduation,Married
2082,9916,1954,Graduation,Married
2083,2227,1958,2n Cycle,Together
2084,946,1958,2n Cycle,Together
2085,3745,1988,2n Cycle,Married
2086,4094,1961,Graduation,Married
2087,8588,1961,Graduation,Married
2088,3916,1971,PhD,Together
2089,9135,1950,Graduation,Together
2090,1755,1988,2n Cycle,Together
2091,2875,1978,Graduation,Married
2092,2008,1978,Graduation,Married
2093,10925,1983,Graduation,Married
2094,1604,1960,Master,Married
2095,5389,1964,Graduation,Married
2096,2878,1947,PhD,Married
2097,4440,1964,Master,Married
2098,1324,1988,Graduation,Married
2099,6262,1962,Master,Single
2100,3628,1987,Basic,Single
2101,3641,1976,Graduation,Married
2102,322,1978,Graduation,Together
2103,175,1986,Graduation,Married
2104,6988,1986,Graduation,Married
2105,8204,1971,2n Cycle,Married
2106,7476,1964,Master,Single
2107,5221,1957,Graduation,Married
2108,8970,1972,PhD,Married
2109,9286,1960,Master,Together
2110,5831,1967,Graduation,Married
2111,1010,1977,Graduation,Together
2112,11074,1977,Graduation,Single
2113,5896,1987,Master,Married
2114,3515,1952,Graduation,Single
2115,5324,1981,PhD,Married
2116,6534,1974,Graduation,Together
2117,8373,1979,Basic,Together
2118,3829,1979,Basic,Together
2119,4501,1965,Master,Single
2120,4179,1959,Graduation,Together
2121,2292,1985,Graduation,Single
2122,9239,1961,Master,Married
2123,8953,1965,Master,Single
2124,10258,1965,Master,Single
2125,3520,1990,Master,Single
2126,10402,1967,Graduation,Married
2127,11114,1970,Graduation,Together
2128,9553,1987,Graduation,Married
2129,6055,1979,Graduation,Married
2130,4786,1977,Graduation,Married
2131,5015,1976,Master,Married
2132,8560,1992,Graduation,Single
2133,3469,1977,PhD,Divorced
2134,5885,1973,2n Cycle,Married
2135,3310,1973,2n Cycle,Married
2136,2134,1952,Graduation,Single
2137,2532,1987,Master,Single
2138,2579,1957,Graduation,Married
2139,3117,1955,Graduation,Single
2140,5623,1980,Master,Married
2141,4789,1953,Graduation,Together
2142,9523,1982,Graduation,Together
2143,5268,1960,Graduation,Married
2144,1545,1986,Graduation,Married
2145,2254,1983,Graduation,Married
2146,2661,1964,Graduation,Single
2147,3130,1964,Graduation,Single
2148,5847,1969,Graduation,Divorced
2149,5863,1953,Graduation,Married
2150,999,1991,Graduation,Single
2151,2931,1978,Graduation,Divorced
2152,1890,1971,2n Cycle,Together
2153,5589,1964,Graduation,Divorced
2154,10172,1988,Graduation,Single
2155,6729,1988,Graduation,Single
2156,10492,1959,Graduation,Together
2157,2939,1970,Master,Together
2158,5948,1975,Graduation,Single
2159,574,1964,Graduation,Married
2160,3266,1964,Graduation,Married
2161,10500,1984,Graduation,Married
2162,7987,1969,Graduation,Married
2163,1135,1960,Master,Together
2164,24,1960,Master,Together
2165,7244,1951,Graduation,Single
2166,1966,1965,PhD,Married
2167,7789,1965,PhD,Married
2168,3336,1948,PhD,Together
2169,5644,1957,Graduation,Together
2170,1295,1963,Graduation,Married
2171,6663,1940,PhD,Single
2172,10262,1980,Graduation,Married
2173,456,1986,2n Cycle,Married
2174,3270,1978,2n Cycle,Together
2175,5748,1965,Graduation,Married
2176,8952,1953,Master,Married
2177,3921,1952,2n Cycle,Widow
2178,9826,1972,PhD,Single
2179,5830,1972,PhD,Single
2180,8310,1964,Graduation,Together
2181,6382,1953,Graduation,Together
2182,8439,1964,Graduation,Together
2183,7613,1974,2n Cycle,Together
2184,48,1964,Graduation,Together
2185,5046,1958,Graduation,Divorced
2186,3231,1973,Graduation,Married
2187,7181,1977,Graduation,Married
2188,1663,1978,PhD,Together
2189,5441,1965,PhD,Widow
2190,8602,1964,Graduation,Divorced
2191,9925,1981,PhD,Together
2192,9499,1954,Graduation,Married
2193,6568,1984,Graduation,Married
2194,3032,1984,Graduation,Married
2195,5153,1967,PhD,Married
2196,4127,1967,PhD,Married
2197,9940,1958,Graduation,Together
2198,7527,1968,Master,Divorced
2199,3406,1964,Graduation,Single
2200,9771,1988,2n Cycle,Single
2201,6722,1954,PhD,Married
2202,213,1963,PhD,Single
2203,8541,1990,2n Cycle,Married
2204,8475,1973,PhD,Married
2205,8070,1973,PhD,Married
2206,313,1968,Graduation,Widow
2207,9757,1972,Graduation,Together
2208,2088,1972,Graduation,Together
2209,2320,1978,2n Cycle,Married
2210,966,1966,Graduation,Married
2211,9706,1974,PhD,Single
2212,3979,1983,PhD,Divorced
2213,5602,1989,PhD,Together
2214,2202,1978,Graduation,Together
2215,9645,1968,Graduation,Married
2216,7230,1960,PhD,Divorced
2217,5675,1960,PhD,Divorced
2218,4974,1970,Graduation,Single
2219,5687,1980,Graduation,Divorced
2220,5871,1979,Master,Together
2221,3846,1974,Graduation,Married
2222,10001,1985,2n Cycle,Together
2223,2831,1976,Graduation,Together
2224,868,1966,Graduation,Married
2225,7212,1966,Graduation,Married
2226,1743,1974,Graduation,Single
2227,2415,1962,Graduation,Together
2228,7947,1969,Graduation,Married
2229,2106,1974,2n Cycle,Married
2230,3363,1974,2n Cycle,Married
2231,8595,1973,Graduation,Widow
2232,7232,1973,Graduation,Widow
2233,7829,1900,2n Cycle,Divorced
2234,9977,1973,Graduation,Divorced
2235,10142,1976,PhD,Divorced
2236,5263,1977,2n Cycle,Married
2237,22,1976,Graduation,Divorced
2238,528,1978,Graduation,Married
2239,4070,1969,PhD,Married
